'ソフネット',
'ドン.キホーテ',
'幸和',
'栗菱コンピューターズ',
'上組',
'ミライト',
'バンテクノ',
'メイテックフィールダーズ',
'福岡酸素',
'新コスモス電機',
'小野建',
'三菱電機エンジニアリング',
'ディーピーティー',
'ネット情報システム',
'ナビオコンピュータ',
'大和コンピューターサービス',
'東興建設',
'NTTファシリティーズ',
'ケイ・シー・シー',
'西日本電気システム',
'マリークヮントコスメチックスジャパン',
'イオン九州',
'関電工',
'ビッグモーターグループ',
'SETソフトウェア 九州システム本部',
'飯田設計',
'伊藤園',
'筑水キャニコム',
'アドバンストマネージメントコンサルティング',
'データウェアネットワーク',
'富士通',
'本田技研工業',
'不二輸送機工業',
'ローム・アポロ',
'三菱電機システムサービス',
'イオンフード・サプライ',
'三友機器',
'アイコムソフト',
'日田キヤノンマテリアル',
'三友機器',
'伊藤忠テクノソリューションズ（ｃｔｃ）',
'鹿児島相互信用金庫',
'森鉄工',
'サイバーコム',
'ＮＥＣエレクトロニクス',
'日本テレマティーク',
'九州テン',
'アド印刷',
'小糸九州',
'日成ビルド工業',
'西日本介護サービス',
'ミゾタ',
'新晃工業',
'山本設備工業',
'IHI回転機械',
'渡辺パイプ',
'ダイダン',
'アルファシステムズ',
'オートメイション・テクノロジー',
'アイﾃｯｸ',
'山九',
'日本アイティディ',
'日立ビルシステム',
'NHKアイテック',
'九州電器販売',
'児島段ボール',
'明治屋産業',
'ヴァーナル',
'名村情報システム',
'大和エネルギー',
'DropWave',
'NTTデータNCB',
'オムロン阿蘇',
'アイチコーポレーション',
'エヌ・エス・ディ九州',
'イズミ',
'すかいらーく',
'ヨドバシカメラ',
'京セラコミュニケーションシステム',
'マイマイ',
'ネッツトヨタ西日本',
'沢井製薬',
'NECフィールディング',
'スミリオン',
'メディエイター',
'ＷＤＢエウレカ',
'コネガイ',
'ジェムケリー',
'ありがとうグループ',
'ＪＡさつま',
'九州通信ネットワーク',
'千代田ビル管財',
'ムラテックＣ．Ｃ．Ｓ',
'ＫＣＣ',
'マル厨工業',
'東洋ガラス',
'三和電子',
'クレ・コーポレーション',
'セラク',
'竜製作所',
'アビバジャパン',
'アイルーク',
'ヒューマンクレスト',
'vsn',
'セイシン企業',
'アクロビジョン',
'大分キヤノンマテリアル',
'高田工業所',
'嘉麻市役所',
'Minoriソリューションズ',
'新宮町役場',
'富士通アクセス',
'ヤンマー建機',
'丸久',
'ジェイテック',
'MSソリューションズ',
'武富士',
'相互運輸',
'西日本オフィスメーション',
'浅海電気',
'タマホーム',
'日本貨物鉄道（JR貨物）',
'松尾製菓',
'SOLIZE Engineering',
'キュートーシステム',
'ソニーセミコンダクタ九州',
'福岡ダイハツ販売',
'アプライド',
'LANDSCAPE',
'四電工',
'福岡トヨペット',
'日立エンジニアリングアンドサービス',
'ゼクセル販売九州',
'トップライズ',
'日本無線',
'アイ・エフ・ピー',
'ネオシス',
'唐十',
'ＶＳＮ',
'明興テクノス',
'AliveCast',
'福岡綜合警備保障',
'シークス',
'日本電設工業',
'ケイ・シー・シー',
'広島エルピーダメモリ',
'アリーナ・プロフェッショナル',
'日本パーカーライジング広島工場',
'富士通九州システムズ',
'リョーイン',
'RKKコンピュータサービス',
'愛媛ダイハツ販売',
'九電工',
'ニッソーサービス',
'日立情報制御ソリューションズ',
'コムシズ',
'九州DTS',
'ビジネス・インフォメーション・テクノロジー',
'ﾌﾟﾚﾅｽ',
'JFEシステムズ',
'学校法人中村学園',
'ホテル日航東京',
'大和冷機工業',
'長崎キヤノン',
'サンリブ・マルショク',
'神戸製鋼所加古川製鉄所',
'サンエー',
'NBSI',
'本多技研工業',
'岡本無線電機',
'イカリ消毒',
'フォーラム・エンジニアリング',
'粕屋農業協同組合',
'アクティス',
'大阪航空局福岡空港事務所',
'ＩＣＴコンストラクション',
'アイネット',
'アクティス',
'朝日ビルマネジメントサービス',
'はるやま商事',
'丸久',
'アークランドサービス',
'光和設計',
'山一電機',
'平田機工',
'ＶＳＮ',
'三光マーケティングフーズ',
'菱熱',
'九食',
'シミズオクト',
'日本電産パワーモータ',
'玉屋',
'アース環境サービス',
'日本アシスト',
'西日本システム建設',
'三菱重工長崎造船所',
'一条工務店',
'日本振興',
'インフォニィ',
'トラスト・テック',
'武蔵エンジニアリング',
'KCC',
'フタバ伊万里',
'イシカワ',
'日本データスキル',
'システムメディア',
'CTCシステムマネジメント',
'タマホーム',
'学映システム',
'柳井電機興業',
'医療法人社団仁誠会',
'山友機器',
'タニコー',
'ホシザキ南九',
'大明',
'イーネット',
'コンピューターサイエンス',
'トーハツ',
'日本電波',
'東洋製罐',
'三建設備工業',
'西部電機',
'富士ソフト',
'三洋工業九州システム',
'コンピュータシステムエンジニアリング',
'システム・エナジー',
'黒木',
'ジェイテック',
'山陽工業',
'林兼石油',
'竹田設計工業',
'映像システム',
'福岡日信電子',
'ＮＴＴファシリティーズ九州',
'ナフコ',
'太平工業',
'山一電機',
'九州地区農協オンラインセンター',
'西日本高速道路エンジニアリング九州',
'大井電気',
'ダスキンサイタ',
'長崎キヤノン',
'三菱UFJインフォメーションテクノロジー',
'富士古河Ｅ＆Ｃ',
'秀電社',
'ふくれん',
'九州ダンボール',
'東洋製作所',
'ハイテクシステム',
'正興電機製作所',
'オーテック電子',
'医療法人社団博文会',
'東児湯消防組合',
'ワークスアプリケーションズ',
'かわでん',
'サニワコムシスエンジニアリング',
'九南',
'エス・エス・アヴェニュー',
'富士通九州ネットワークテクノロジーズ',
'佐電工',
'イオンディライト',
'河野工業所',
'九州キリンビバレッジ',
'中島田鉄工所',
'サコテック',
'東芝大分工場',
'再春館システム',
'大分県信用組合',
'山口ダイハツ販売',
'九州旅客鉄道',
'キャデック',
'協和機電工業',
'北さつま農業協同組合',
'オリエント測器コンピュータ',
'ワイジェイカード',
'日本電設工業（ＪＲ東日本グループ）',
'エス・シー・アイ',
'夢真ホールディングス',
'日立プラントメカニクス',
'ゼネラルエンジニアリング',
'カンサイ',
'九州丸一食品',
'エスアイインフォジェニック',
'モビテック',
'カンセツ',
'サン電光',
'サンキュードラッグ',
'Sｋｙ',
'マナベインテリアハーツ',
'ドゥ・ヨネザワ',
'アスパーク',
'光通信',
'明石機械製作所',
'ソフトバンクＢＢ',
'アプライドマテリアルズジャパン',
'嘉穂製作所',
'トップエンジニアリング',
'富士通九州システムサービス',
'ミナミ商事',
'サンリツ',
'安川コントロール',
'不二熱学工業',
'クワント',
'エヌ・ティ・ティ・システム開発',
'朝日エティック',
'博運社',
'ステップワン九州',
'ウメトク',
'宗像地区消防本部',
'日本光電工業',
'東京消防庁',
'東明エンジニアリング',
'アイシン・エィ・ダブリュ',
'ユニアデックス',
'パナソニックＥＳエンジニアリング',
'坂本電機製作所',
'ニシム電子工業',
'タマディック',
'三和電子',
'太平電業',
'タマディック',
'佐賀県警',
'案内広告',
'ジヤトコ',
'シグマトロン大阪支店',
'九州テン',
'イズミ',
'非破壊検査',
'新出光',
'アトックス',
'長崎リコー',
'石島運輸倉庫',
'社会福祉法人創生会',
'東航エンジニアリング',
'コニカミノルタメディカル',
'アイディーエス',
'リードヘルスケア',
'CRCシステムズ',
'泰平印刷',
'ワールドインテック',
'二瀬窯業',
'岳南建設',
'ニビシ醤油',
'ゼスト',
'協和商工',
'イー･アクセス/イー・モバイル（イーアクセスイーモバイル）',
'タイラベストビート',
'ユニティ・ソフト',
'湯佐部品',
'ELBEC教育図書センター',
'JAからつ',
'テクノプロテクノプロIT社',
'エイリイ・エンジニアリング',
'酒見建設',
'東光電気工事',
'九州コーユー',
'SOLIZE Engineering',
'トヨタプロダクションエンジニアリング',
'三技協イオス',
'NSD',
'メイホー',
'日本エイム',
'山根精機',
'エヌビーエス',
'石村萬盛堂',
'NECフィールディングシステムテクノロジー',
'安川モートル',
'マナベインテリアハーツ',
'日本建設工業',
'中津木工',
'大阪機工',
'ユニアデックス',
'京製メック',
'三光商事',
'幸和',
'メイテックフィルダーズ',
'日本電波',
'SMC',
'医療法人永寿会シーサイド病院',
'イワタダイナース',
'三菱自動車工業',
'フタタ',
'シャープエンジニアリング',
'アジア航測',
'東芝ITサービス',
'アイコム',
'パソナ',
'柳川合同',
'関電工',
'オークラサービス',
'ホシザキ北九',
'松田産業',
'旭化成情報システム',
'司システム',
'日立コンシューママーケティング',
'綜合警備保障',
'新来島どっく',
'水土里ネット大分',
'東洋空機製作所',
'コスモス薬品',
'シティアスコム',
'住友電設',
'TDCソフトウェアエンジニアリング',
'明治安田生命保険相互会社',
'セノン',
'カトーレック',
'フジワーク',
'ベスト電機',
'東洋シート',
'アルプス技研',
'メイテックフィルダーズ',
'熱産ヒート',
'キリンビバレッジ',
'スタイルフリー',
'富士フイルムソフトウエア',
'大和電業社',
'三和テック九州',
'シュテルン福岡',
'ラム・リサーチ',
'日野ヒューテック',
'大阪府警察',
'デオデオ',
'イズミ',
'日本エレクトロニックシステムズ',
'四国計測工業',
'大阪市職員(技術・電気）',
'キシヤ',
'モビテック',
'かがし屋',
'きんでん',
'産機エンジニアリング',
'インフォセンス',
'サイバーコム',
'福島工業',
'日立ソフトウェアエンジニアリング',
'Spansion Japan ',
'福岡トヨタ自動車',
'コモタ',
'ブリングアップ史',
'朝日ビルマネジメントサービス',
'エコー電子工業',
'日立プラントエンジニアリング',
'タイセイ電機',
'ジャステック',
'キートス',
'愛媛信用金庫',
'セボン',
'イー・アンド・エム',
'サンテク',
'サッポロビール',
'アイシン精機',
'サンケンフォーキャスト',
'東京エレクトロンＦＥ',
'ダイレックス',
'愛知機械工業',
'日本コンピュータ',
'ベン',
'綜合警備保障',
'アーチ電工',
'よかタウン',
'ニューソン',
'九電工',
'日本ソフト技研',
'ダイキンHVACソリューション九州',
'峰製作所',
'エクシオネットワーク',
'ナガラ',
'東芝メディカルシステムズ',
'ウィル',
'能美防災',
'遠藤照明',
'テスコ',
'デンソーテクノ',
'三神ガス',
'エヌアイデイ',
'三菱重工業',
'迫田（家具の迫田）',
'メモリード九州',
'SOLIZEEngineering',
'東邦レマック',
'ジェイアール西日本新幹線テクノス',
'西日本コンピュータ',
'イトーヨーカ堂',
'アステック',
'すみしん不動産',
'三菱電機情報ネットワーク',
'岩田産業',
'周南農業協同組合',
'アイコムシステック',
'平田ナーセリー',
'日本システムウェア',
'川重テクノロジー',
'浜島防災システム',
'ドッドウエルＢ・Ｍ・Ｓ',
'ラック',
'明治安田システム・テクノロジー',
'山本工作所',
'イガワテック',
'IHI検査計測',
'日本自動化開発',
'グローバル・アシスト',
'エルピーダメモリ',
'サンレイズ',
'ネット',
'国土交通省九州整備局',
'NTTデータＮＣＢ',
'サンテク',
'キョーワ',
'アイシン精機',
'セディナ',
'アンダス',
'ケイ・イー・エス',
'日本産業',
'ＥＱＵ',
'イワタダイナース',
'ミナミダ',
'自衛官候補生',
'日本電産',
'アルトナー',
'牧野技術サービス',
'資生堂販売',
'インクスエンジニアリング',
'日本郵便',
'日本ハム西部直販',
'テクノ・カルチャー・システム',
'ニトリ',
'アテック',
'ワールドインテック  テクノ事業部',
'西日本システム建設',
'NBS',
'三菱ビルテクノサービス',
'ユニティクラフト',
'竹田設計興業',
'マキノ',
'福岡丸本',
'警視庁',
'マイスターエンジニアリング',
'ＮＥＣネッツエスアイ',
'武蔵野',
'三島光産',
'日立製作所',
'アサヒセキュリティ',
'カスタネット',
'日本デジタル研究所',
'シスウェーブ',
'ケンウッド',
'セイシン企業',
'リコーテクノシステムズ',
'アイエックス・ナレッジ',
'西日本旅客鉄道（JR西日本）',
'田口電機工業',
'九州通信ネットワーク',
'コロワイド西日本',
'ムービー企画',
'日機装',
'駿河生産プラットフォーム',
'JR九州（九州旅客鉄道）',
'ＩＮＧ鉄工所',
'ワールド・インテック',
'大長商事',
'ヤマダ電機',
'ダイワ化成',
'デザインネットワーク',
'spaマン工房',
'アマダプレステック',
'アイエム電子',
'JFEスチール東日本製鉄所',
'九州乳業',
'アネブル',
'九州丸和ロジスティクス',
'NEC通信システム',
'白水貿易',
'ＵＳＥＮ',
'渦潮電機',
'新日鉄高炉セメント',
'ヤマエ久野',
'武田設計工業',
'ソフィックス',
'島津メディカルシステムズ西日本',
'ソフトバンク・ヒューマン・キャピタル',
'ダイショー',
'協栄物産',
'サン電工社',
'九州SSK',
'九州オークラ',
'日本トラフィックコンピュータセンター',
'ACN九州',
'コスモス薬品',
'ホンダカーズ博多',
'九州DTS',
'オリイメック',
'NTTデータカスタマサービス',
'フルキャストテクノロジー',
'日邦無線電気',
'岡部機械工業',
'須賀工業',
'原電事業',
'シークス',
'富士電機E&amp;C',
'アイエスエフネット',
'ＫＤＬ',
'ハイウェイ・トール・システム',
'三和テック九州',
'ショージ',
'新生テクノス',
'ソフトサービス',
'日立ソリューションズ西日本',
'日本通運',
'仙台銘板',
'飯塚信用金庫',
'えん',
'佐賀県農業協同組合(JA佐賀）',
'コスモプラス',
'丸東産業',
'下関菱重エンジニアリング',
'ドンキホーテホールディングス',
'イーテック',
'九州博広',
'アクティオ',
'大新社',
'日本エレクトロニツクシステムズ',
'Ｃ＆Ｇシステムズ',
'日本エレベーター製造',
'ＣＴＣテクノロジー',
'九州マツダ',
'YBM',
'ＪＦＥスチール西日本製鉄所',
'レッドバロン',
'九冷産業',
'東芝キヤリア',
'さくら情報システム',
'アルプス技研',
'アスパーク',
'エテュセ',
'菱友システムズ',
'アルファシステムズ',
'九州旅客鉄道(JR九州)',
'エイチ・エイチ・エス',
'日研総業',
'須賀工業',
'エヌ・ティ・ティ・アドバンステクノロジ',
'富士通アドバンストエンジニアリング',
'ルーセントスクエア',
'マリンハイドロテック',
'ア',
'第一メカテック',
'ソフトバンクテクノロジー',
'福岡トヨペット',
'ヒートプロテック',
'すこやか工房',
'カールビット',
'久留米工業大学',
'ユニティ・ソフト',
'アサヒファシリティズ',
'crcグループ',
'牧野技術サービス',
'タキゲン製造',
'富士通エフサスシステムズ',
'六興電気',
'ジェイアイエヌ',
'パソナテック',
'山口フィナンシャルグループ',
'プライムエンジニアリング',
'ソフトバンクコマース＆サービス',
'三光',
'新日本製鐵（八幡製鉄所）',
'ユザワヤ',
'沢井製薬',
'中電工',
'大進精工',
'神電エンジニアリング',
'三菱電機インフォメーションテクノロジー ',
'リックス',
'グローバルブレインズ',
'日本コンピューター開発',
'三井ハイテック',
'エム・ピー・テクノロジーズ',
'九電工',
'日本プロセス',
'福岡コロニー',
'東計電算',
'四国通建',
'EWMファクトリー',
'王将フードサービス',
'日本高速削孔',
'チムニー',
'TCM',
'ソフィックス',
'ジャパンエレベーターサービス',
'ウラノ',
'カネボウ化粧品販売',
'ＮＥＣモバイリング',
'日本コンピュータ開発',
'いすゞ自動車九州販売',
'日鉄エレックス',
'日本トータルシステム',
'ヤマト運輸',
'JFEスチール西日本製鉄所',
'アイテック(株 )',
'大分信用金庫',
'エスティケイテクノロジー',
'ミスターマックス',
'フジキン',
'アース環境サービス',
'ゼクセル販売九州',
'アルテクナ',
'協和エクシオ',
'千鳥饅頭総本舗',
'サンテック',
'西日本プラント工業',
'システムソフト',
'ＫＳＫ',
'ケーオーデンタル',
'アウトソーシングテクノロジー',
'協立エアテックカブシキガイシャ',
'プレナス',
'三黄商事',
'応研',
'西部日本エンタープライズ',
'NTTマーケティングアクト',
'光和マイクロプロジェクト',
'武蔵野',
'セガ',
'パナソニック電工エンジニアリング',
'バイテックシステムエンジニアリング',
'大和リース',
'ヤンマーエネルギーシステム',
'サニックス',
'筑豊製作所',
'VSN',
'九電工',
'MSソリューションズ',
'西部電気工業',
'富士通九州システムエンジニアリング',
'コマニー',
'ノベラス・システムズ・ジャパン',
'日本放送協会',
'テーブルマーク',
'ダイレックス',
'ヴェントゥーノ',
'オクジュー',
'シスウェーブ',
'メックテクノ',
'コモタ',
'エスエスキュー',
'アマダ',
'ネオ・アーデント',
'えがお',
'エクシオモバイル',
'カッパ・クリエイト',
'住友金属小倉',
'コスモス薬品',
'リクルートスタッフィングＥＶ職',
'ドン・キホーテ',
'アルプス技研',
'九州三菱電機販売',
'日本研紙',
'大洋サンソ',
'九州ダイケン',
'マルキョウ',
'ベストライフ',
'マックスバリュー九州',
'クレスコ',
'三菱重工プラント建設',
'計測検査',
'ビックカメラ',
'日本オフィスシステム',
'メノガイア',
'博多運輸',
'宮島醤油フレーバー',
'中央エンジニアリング',
'富士通エフサス',
'安川情報システム',
'東芝',
'イーアンドエム',
'メイテック',
'山口油屋福太郎',
'ＫＹＢ',
'昭電社',
'カワサキマシンシステムズ',
'立花エレテック',
'日米礦油',
'ホームテック',
'ヤンマー農機販売九州カンパニー',
'明電舎',
'東芝機械',
'九電ビジネスソリューションズ',
'防衛相自衛隊',
'宮崎市役所',
'九州日野自動車',
'東芝三菱電機産業システム',
'キューヘン',
'WDB工学',
'タムラ製作所',
'システムコーディネイト',
'メルコパワーデバイス',
'日専連ベネフル',
'トライアルカンパニー',
'日本情報通信',
'アシュラン',
'インフォグラム',
'筑水キャニコム',
'ソフネット',
'セントラルエンジニアリング',
'中電工',
'スタッフラビ',
'コムシス',
'久留米運送',
'西日本シティTT証券',
'富士ソフト',
'富士通大分ソフトウェアラボラトリ',
'三菱電機プラントエンジニアリング',
'ローム・アポロデバイス',
'ピエトロ',
'アウトソーシングテクノロジー',
'共和医理器',
'CTCテクノロジー',
'南九州ファミリーマート',
'博文会',
'日本トラフィックコンピューターセンター',
'イッティージャパン',
'鹿児島国際観光鹿児島サンロイヤルホテル',
'菱熱',
'NTTネオメイト',
'リョーユーパン',
'ラミーコーポレーション福岡営業所',
'サン電工社',
'総合警備保障',
'マイスターエンジニアリング',
'加賀電子',
'昭和アステック',
'マリンハイドロテック',
'住友金属小倉',
'サン電工社',
'宇宙技術開発',
'ICTコンストラクション',
'中電工',
'IIJ Technology',
'NTTデータNCB',
'SOLIZEEngineering',
'マックスバリュ九州',
'テルモ',
'エフエスユニマネジメント',
'須賀工業',
'サン情報サービス（SISCO）',
'アソウアルファ',
'KEC',
'フジマック',
'明治安田システムテクノロジー ITソリューション事業部門',
'オートシステム',
'日立ソリューションズ',
'ネオコンクリート',
'積水ハウス',
'シーエーシー（桂木・滝野税理士法人）',
'オムニコ',
'佐藤建設工業',
'ムサシ･フィールド･サポート',
'日本タングステン',
'バイオテック',
'ワンダーテーブル',
'日本テクシード',
'日本コムシス',
'アドバンストマネジメントコンサルティング',
'エス・ケー・アイ',
'福岡県警察',
'リンテック',
'デフィデ',
'ネットワークテクノス',
'電盛社',
'ティーネットジャパン',
'システムソフト',
'オムロンフィールドエンジニアリング九州',
'九州旅客鉄道（JR九州）',
'王将フードサービス',
'NTTフィールドテクノ',
'ワールドインテックテクノ・SI事業部',
'西銀コンピューターサービス',
'ドライビングスクール折尾',
'ミスターマックス',
'共立システム開発',
'ヒロテック',
'石川金属工業',
'コメリ',
'システムサービス',
'ルートイン',
'モーベリーホーム',
'坂本電機製作所',
'菱友システムZ',
'カンセツ',
'中島田鉄工所',
'日野ヒューテック',
'ベスト電器',
'富士通鹿児島インフォネット',
'Ｒ-ｎｅｔコミュニケーションズ',
'YBM',
'不二精機',
'生活の木',
'フォーラムエンジニアリング',
'インターネットイニシアティブ',
'ショージ',
'アイフロント',
'内外工業',
'たけうちグループ',
'東芝',
'西日本プラント工業',
'ソルコム',
'ＤＴＳ',
'郵便事業',
'アダル',
'野上電気',
'㈲サン樹脂加工',
'セントラルソフト',
'セントラル石油瓦斯',
'丸美不動産',
'葵機械工業',
'ロイヤルホールディングス',
'島津メディカルシステムズ',
'スリーエイ・システム',
'三角商事',
'あ',
'ドンク',
'テクノブロ・エンジニアリング',
'日立エンジニアリング・アンド・サービス',
'東洋シート',
'大岩マシナリー',
'レッドバロン',
'TCM販売',
'ジャパンアウトソーシング',
'多々良電気工業',
'メークス',
'九州ビジネス',
'ABCCookingStudio',
'NECネクサソリューションズ',
'霧島酒造',
'日本電気システム建設',
'ビックモーター',
'九州電子',
'マルハン',
'西日本シティ銀行',
'梅谷仏具店',
'秀電社',
'ＣＴＣテクノロジー',
'ソライズエンジニアリング',
'エイアンドティー',
'ＩＳＴソフトウェア',
'三菱電機ビルテクノサービス',
'コカ・コーラウエストジャパン',
'トリンプ・スタッフ・サービス',
'大分キヤノン',
'沖ウィンテック',
'日産プリンス福岡販売',
'CRCシステムズ',
'東洋環境分析センター',
'コスモフィーチャーズ',
'エンドレスハウザージャパン',
'福岡造船',
'コンピュータシステム',
'CIJソリューションズ',
'松野眼科医院',
'日立プラントサービス',
'マツイシ',
'コゲツ産業',
'エヌビーエス',
'セブン＆アイFoodSystems',
'日清食品',
'北九州市役所',
'サンテック九州',
'ＫＤＤＩテクニカルエンジニアリングサービス',
'佐藤建設工業',
'山本工作所',
'中園工業所',
'キューブシステム',
'アルファシステムズ',
'九州日立物流サービス',
'菱電工機エンジニアリング',
'エコ計画',
'九州日昌',
'谷川建設',
'七條プラスチックス',
'シーネット',
'ダイサン',
'日本テキサス・インスツルメンツ',
'アイシン・コムクルーズ',
'日宝工業',
'テクネ',
'インテック',
'日立ソリューションズ',
'SMC ',
'トライアルカンパニー',
'コスモス薬品',
'トヨタカローラ長崎',
'三進工業',
'楽天銀行',
'日米電子',
'三菱電機ビルテクノサービス',
'WDBテディス',
'アイケイケイ',
'石村萬盛堂',
'富士重工業',
'新生電子',
'コムシス',
'菱計装',
'藤工業',
'エムソフト',
'Zoff',
'セレッテ',
'中電工',
'ITO',
'大阪シーリング印刷',
'インフラテック',
'エクシーズ',
'三栄電気工業',
'トキコテクノ',
'日鐵住金鋼板',
'新生テクノス',
'翔薬',
'桑原電工',
'三好不動産',
'JA福岡八女',
'木下工務店',
'新晃アトモス',
'日本生命保険相互会社',
'ディーピーティー',
'テックエンジニアリング',
'東洋電機',
'富士電機機器制御',
'日本ビクター',
'シーテック',
'高江美装',
'アセンディア',
'SECエレベーター',
'Plan・Do・See',
'ニッタン',
'佐賀電算センター',
'夢真',
'九州風雲堂販売',
'星和電機',
'ダイエー',
'シティアスコ厶',
'竹中工務店',
'Ａ＆Ｔ',
'エクストリンク',
'プライムエンジニアリング',
'富士通エフサス',
'宮崎電機工業',
'日進工業',
'日本電算設備',
'城山薬品',
'日本フィナンシャルセキュリティーズ',
'大成ロテック',
'協栄工業',
'島津アクセス',
'富士通ネットワークソリューションズ',
'コスモ電材',
'国際通信企画',
'ティー・アイ・シー',
'サニックス',
'三和工機',
'大明',
'コスモス薬品',
'ソニーセミコンダクタ',
'倉敷レーザー',
'ナガラ',
'ビッグモーター',
'NECフィールディング',
'九星飲料工業',
'Step',
'TAK',
'菱電工機エンジニアリング',
'ミライト',
'西日本シティ銀行',
'近鉄エクスプレス',
'中村学園事業部',
'エイチ・エル・シー',
'大牟田ガス',
'ケーヒン',
'新日本製鐵',
'沖ソフトウェア',
'南日本情報処理センター',
'厚木プラスチック',
'テクノ菱和',
'兵庫県警察',
'アクティオ',
'ＪＡ筑紫筑紫農業協同組合',
'大光電機製作所',
'JAフーズさが',
'ＮＥＣフィールドテクノ',
'福岡CSK',
'大陽製粉',
'コスモスプラス',
'ニスコム',
'セントラル',
'UTリーディング',
'NTTデータNCB',
'東洋電装',
'オネスト九州',
'ベスト電器',
'Rix',
'NTTフィールドテクノ',
'フジコピアン',
'末松九機',
'中央エンジニアリング',
'ウェーブテクノロジー',
'ベスト電器',
'ユーメックス',
'栄和設計',
'アビスト',
'テクノス',
'ＦＣＣテクノ',
'ダイキンエアテクノ',
'テクノプロ・エンジニアリング',
'日本郵政公社',
'日立産機システム',
'ユーコー',
'日本事務器',
'キーウェア九州',
'九州設備公社',
'AGS',
'ジャパンテクニカルソフトウェア',
'幼児活動研究会',
'大庄',
'日本アイ・ビー・エムテクニカル・ソリューション',
'パイオニア・ソフト',
'日本コンピュータ・アソシエーツ',
'日本アシスト',
'日本フレックス工業',
'姶良市役所',
'山九',
'室町ケミカル',
'シメックスCNA',
'ジェイエイ北九州組合飼料',
'西鉄電設工業',
'一般財団法人化学及血清療法研究所',
'サニックス',
'ＲＫＫコンピューターサービス',
'メディエイター',
'NTTドコモ',
'フォーサイトシステム',
'日本コンピュータコンサルタント',
'トラスト・テック',
'パナソニックＩＴＳ',
'大気社',
'三浦工業',
'日立システム九州',
'新明工業',
'ジェイ・サポート',
'ｊきんでん',
'レッドバロン',
'スペースワーナー',
'旭精機',
'日本電産テクノモータ',
'みずほ情報総研',
'NTTフィールドテクノ',
'日本ファシリオ',
'セントランス',
'理想科学工業',
'パラマ・テック',
'三菱電機住環境システムズ',
'千代田インテグレ',
'宮島醤油',
'山口県警察',
'東京地下鉄',
'ニューロスカイジャパン',
'テクシア',
'社会福祉法人創生会',
'有限会社スペースパル',
'アンサー倶楽部',
'嘉穂無線',
'ジェイ・エス・エス',
'トヨタテクニカルディベロップメント',
'佐藤商事',
'明電エンジニアリング',
'日本電産',
'宗像農業共同組合',
'九州DTS',
'早川ゴム',
'中央エンジニアリング',
'共栄ビル管理',
'セイコウ',
'ときわ情報',
'スチールセンター',
'宮崎電気商会',
'博多工業高校',
'トーテックアメニティ',
'九州めいらく',
'シスメックスＣＮＡ',
'ナフコ',
'西部機材',
'有限会社テルテック',
'アルプス技研',
'日本コンピュータコンサルタント',
'エス・シー・アイ',
'デルタ工業',
'ラムリサーチ',
'しまなみ造船',
'新日本空調',
'ルーセントスクエア',
'三光',
'東ソー物流',
'生活協同組合会グリーンコープ連合',
'ITX翼ネット',
'メガネトップ',
'ムトウ',
'光洋機械産業',
'ビケンテクノ',
'牧野技術サービス',
'今別府産業',
'トライアルカンパニー',
'東京通建',
'ジェネス',
'九州シー・アイ・シー',
'クリマテック',
'エイジェック',
'第一システムエンジニアリング',
'経営情報センター',
'アルプスビジネスサービス',
'三菱電機インフォメーションネットワーク',
'日軽パネルシステム',
'赤木中立会社',
'NTTデータCCS',
'三菱日立パワーシステムズ',
'国土情報開発',
'三菱電機システムサービス',
'理研計器九州サービス',
'オークマ',
'進和第一通信建設',
'コマツ建機販売西日本カンパニー',
'ＹＫＫＡＰ',
'日本機械技術',
'月島テクノメンテサービス',
'富士古川E&amp;C',
'ゾーン',
'西日本旅客鉄道',
'山下医科器械',
'西京銀行',
'システムプラネット',
'エディオン',
'サカエ',
'エイチ・エイチ・エス',
'八光オートメーション',
'シスウェーブ',
'九州設備公社',
'ダイキエンジニアリング',
'日本コンピュータ・ダイナミクス',
'ベルシステム24',
'テラケン',
'アクティス',
'イーネット',
'ファミリー',
'日本郵便',
'ＮＢＳＩ',
'ＩＳＦネットグループ',
'リクルートスタッフィングテクノスタッフィング開発ユニット',
'ワイテック',
'新日鐵住金',
'アイ・ケイ・ケイ',
'ゾーン',
'湘南サプライ',
'KSK',
'エルクホームズ',
'田中鉄工',
'大和コンピュータサービス',
'西尾レントオール',
'新日本製鐵株式曾社',
'アウトソーシングテクノロジー',
'ＡＮＡケータリングサービス',
'サタケ',
'アシックス',
'リブドゥコーポレーション',
'トリニティ',
'JA鹿児島いずみ',
'オージー技研',
'博運社',
'新日本非破壊検査',
'映像システム',
'トライアルカンパニー',
'レッドバロン',
'九電工',
'空研工業',
'住友生命保険相互会社',
'高千穂電気',
'アユミ電業',
'航空管制技術官',
'ミツビシデンキプラントエンジニアリング',
'セガ',
'ミリオネット',
'安川エンジニアリング',
'ジュピターテレコム',
'カスタネット',
'トーテックアメニティ',
'サンデーシステム',
'プロフェッショナル・ネットワークス',
'フジミツ',
'イーエレクス',
'システムクォート',
'ダッド',
'東急観光',
'ニューソン',
'東日本ハウス',
'コバレントマテリアル',
'ティ・アイ・エス',
'シーテック',
'クリハラント',
'ジョナサン',
'ＴＯＴＯメンテナンス',
'日鋼サッシュ製作所',
'富士通九州システムエンジニアリング',
'吉原建設',
'不二輸送機工業',
'九州ソフタス',
'日本テクノストラクチャア',
'日本旅行',
'栗原工業',
'協和エクシオ',
'学校法人専修学園慶成高等学校',
'エーアンドエーマテリアル',
'協和エクシオ',
'オリンパスソフトウェアテクノロジー',
'矢崎総業',
'西日本鉄道',
'臼杵運送',
'パナソニックエクセルテクノロジー',
'不二熱学工業',
'キヤノンシステムアンドサポート',
'福岡ひびき信用金庫',
'カワサキロボットサービス',
'トラストホールディングス',
'コスモプラス',
'ハローネット',
'富士古河Ｅ＆Ｃ',
'シャノアール',
'ケーティーシステム',
'三菱日立製鉄機械',
'日本テクシード',
'シスメックスＣＮＡ',
'西鉄ストア',
'電子工学センター',
'プラスアルファ・コンサルティング',
'明石機械工業',
'サンレー',
'ライトオン',
'ジョイフル',
'山根精機',
'ネットイーグル',
'フォーラムエンジニアリング',
'創生会',
'ＳＡＴ',
'アロン電機',
'東洋電溶',
'山形屋',
'ワタミフードサービス',
'吉川工業',
'福岡銀行',
'三栄電気工業',
'キヌヤ',
'アイ・イーグループ',
'NECネッツエスアイ',
'味の兵四郎',
'九州ベアリング',
'富士ソフトABC',
'森光商店',
'ＮＴＴシステム開発',
'エスシーイーエレベーター',
'シグマトロン',
'大成温調',
'三菱電機マイコン機器ソフトウェア',
'システムビッツ',
'サンワコムシスエンジニアリング',
'有明広域行政事務組合消防本部',
'アイシン精機',
'サクサ',
'日鉄住金鋼板',
'大分バス',
'ミニストップ',
'富士通エレクトロニクス',
'トーモク',
'ジェイアール西日本新幹線テクノス',
'エス・イー・シー・ハイテック',
'ＢＣＣ',
'アクタ',
'かわでん',
'太陽建機レンタル',
'ヤナギヤ',
'沖ウィンテック',
'ハローデイ',
'有限会社阿蘇の司ビラパークホテル',
'再春館製薬所',
'マツモト産業',
'ダイテックス',
'日本電気通信システム',
'TOTOエンジニアリング',
'インテック',
'CTCシステムマネジメント',
'きんでん',
'三和工機',
'多木化学',
'ワールドインテックＳＩ事業部',
'エム・ピー・テクノロジーズ',
'パレベストプラン（サングループ）',
'エコー電子工業',
'日立ビルシステム',
'富士エンジニアリング',
'日比谷総合設備',
'ナチュラルドラッグストアモリ',
'山九プラントテクノ',
'安川エンジニアリング',
'リンクスタッフ',
'日本コムシス',
'マイクロテクノロジー',
'ＵＴリーディング',
'網中',
'ソフテム',
'モバイル＆ゲームスタジオ',
'荏原冷熱システム',
'クレ・コーポレーション',
'福銀オフィスサービス',
'ソフィックス',
'スズキ自販福岡',
'サン',
'大和コンピューターサービス',
'ＮＥＣマイクロシステム',
'三菱電機住環境システムズ',
'瀬戸内共同火力',
'名古屋市消防局',
'タカミヤ',
'東京コンピュータサービス',
'日立プラントエンジニアリングアンドサービス',
'松屋フーズ',
'ゼンリン',
'メディアファイブ',
'富士電波工業',
'日本プロセス',
'日本資源流通',
'イオンフードサプライ',
'サニクリーン九州',
'ヨコハマタイヤ九州販売',
'ケーイーシー',
'日本コムシス',
'住友電工システムソリューション',
'NTTファシリティーズ九州',
'光和設計',
'協和エクシオ',
'あああああ',
'西日本システム建設',
'カナデン',
'ケーヒン',
'ジョイント・システムズ・サービス',
'佐賀電算グループメディック',
'ホンダロック',
'協立エアテック',
'立岩',
'富士通九州システムサービス',
'東洋情報通信研究所',
'ゼンショーホールディングス',
'三菱電機ライフネットワーク',
'ユー・エス・イー',
'セントラルソフト',
'栗原工業',
'栗田工業',
'オーテック電子',
'日本電産パワーモータ',
'かがし屋',
'満井電気計測',
'三栄ハイテックス',
'SK2',
'一般財団法人日本モーターボート競走会',
'サン情報サービス',
'日本トータル･システム',
'扶桑薬品工業',
'テレマート',
'ZEROPLUS',
'つるや',
'誠新産業',
'あいうえお',
'伸和',
'エイブル',
'ムラテック販売',
'メディアシステム',
'航空自衛隊',
'ソフトウェアサービス',
'コーワメックス',
'NECネッツエスアイ',
'さかえ屋',
'リンガーハット',
'三菱電機FA産業機器',
'ジョンソンコントロールズビルディングシステムズ',
'三菱電機FA産業機器',
'朝日工業',
'地域新聞社',
'JA八女',
'日本システムスタディ',
'住友林業',
'トヨタエルアンドエフ山口',
'丸三証券',
'島根県警察官',
'サンケン・エンジニアリング',
'あきんどスシロー',
'西井塗料産業',
'アンヴィックス',
'山陰酸素工業',
'九州電気システム',
'ＪＡ鹿児島いずみ',
'エス・イー・シー・エレベーター',
'ホームラボ',
'富士通山口情報',
'エジソン',
'ランドスケイプ',
'日本トムソン',
'矢野特殊自動車',
'ウッドワン',
'パレベストプラン',
'ダイダン',
'エスペック',
'エイジェック福岡雇用開発センター',
'給湯システム',
'極東製作所',
'九州スズキ販売',
'武田産業',
'テクノプロテクノプロエンジニアリング社',
'クエスト',
'サカエ',
'佐電工',
'不二精機',
'オーレック',
'HondaCars福岡',
'マースエンジニアリング',
'福北興業',
'住友電装',
'福岡情報ビジネスセンター',
'セゾン情報システムズ',
'コトブキ製紙',
'九配工業',
'ワールドインテック  テクノ・SI事業部',
'エイプル・ジャパン',
'アスト',
'オプティマ',
'ヴェルト',
'アシックス',
'新大倉',
'日本自動化開発',
'京製メック',
'福北興業',
'アグリス',
'九州シー・アイ・シー',
'デザインネットワーク',
'アーネスト',
'インテック（ＩＴホールディングスグループ）',
'ドーワテクノス',
'東光電気工事',
'トラストネットワーク',
'福岡銀行',
'新日軽',
'フォーラムエンジニアリング',
'東京電気工事',
'日本テクノ',
'アルプス技研',
'ネオシス',
'三木プーリ',
'福岡県警察本部',
'トライアルカンパニー',
'アイテック',
'総合防水工事業福心商会',
'中央橘設計',
'ホンダカーズ福岡',
'第一電建',
'メークス',
'トーテックアメニティ',
'富士通大分ソフトウェアラボラトリ',
'ミライト・テクノロジーズ',
'北川工業',
'スチールセンター',
'メイホー',
'九電工',
'エス・イー・シーエレベーター',
'陸上自衛隊',
'羽野製作所',
'ソフトバンク（通信３社）',
'エムエイチピーエスエンジニアリング',
'サンドラック',
'ビッグモーター',
'トヨタカローラ博多',
'竹田設計工業',
'野里電気工業',
'川上産業',
'ヤマダ電機',
'サンデン',
'キューヘン',
'サンレイズ',
'メイテック',
'はせがわ',
'TOTOメンテナンス',
'浅野歯車工作所',
'トライアルカンパニー',
'戸田テクノロジーサービス',
'相互薬工',
'ニュージャパンヒヤリングエイド',
'ISTソフトウェア',
'サンリツ',
'きんでん',
'ナフコ',
'NECソリューションイノベータ',
'ライフネットワークグループ・給湯システムネットワーク',
'三光電気',
'ジーエムメディカル',
'ソライズエンジニアリング(旧インクスエンジニアリング)',
'ランドコンピューター',
'カワサキプラントシステムズ',
'石村萬盛堂',
'日鉄ハード',
'西鉄電設工業',
'サンビット',
'ビッグモーター',
'ネットワークサービスアンドテクノロジーズ',
'A&amp;D',
'にしけい',
'石川島汎用機サービス',
'荘原テクノサーブ',
'ワールドサンフーズ',
'トスデリカ',
'コスモス薬品',
'イー・アクセス',
'マルキョウ',
'三木プーリ',
'アルテクナ',
'レオパレス２１',
'メモリード福岡',
'富士熱学工業',
'アイ・エイチ・ジェイ',
